accuracy,f1_score,precision,recall,roc_auc,label,training_time_sec,used_smote
0.1595191190584432,0.15972471129490995,0.23163662200567114,0.1595191190584432,0.6554840069027582,incident_category,370.0812201499939,True
0.4146046464748274,0.4150612758024803,0.4936912266831756,0.4146046464748274,0.6010894156584249,crime_type_super,89.88630604743958,True
0.7444472425081843,0.7721062866576941,0.8094320791015662,0.7444472425081843,0.6033342905944036,crime_type_violent,55.93316578865051,True
0.6647695794510199,0.5898378803091662,0.659853299231845,0.6647695794510199,0.6433307860553632,crime_type_occupation,29.130708932876587,False
